{
  "serviceStatus": "SUCCESS",
  "errorMessages": null,
  "data": {
    "averageC1Percentage": 0,
    "categoryListVO": [
      {
        "addedQuantity": 0,
        "alwaysShowOnRlp": false,
        "babyImageURL": null,
        "babyOverriddenURL": false,
        "babycategoryURL": null,
        "c1PercentageComplete": 0,
        "c2CompleteCount": 0,
        "c3AutoComplete": false,
        "c3ManualComplete": false,
        "caImageURL": null,
        "caOverriddenURL": false,
        "cacategoryURL": null,
        "categoryId": "DC3113",
        "categoryName": "Bedding",
        "categoryURL": null,
        "childCategoryVO": [
          {
            "addedQuantity": 0,
            "alwaysShowOnRlp": false,
            "babyImageURL": null,
            "babyOverriddenURL": false,
            "babycategoryURL": null,
            "c1PercentageComplete": 0,
            "c2CompleteCount": 0,
            "c3AutoComplete": false,
            "c3ManualComplete": false,
            "caImageURL": null,
            "caOverriddenURL": false,
            "cacategoryURL": null,
            "categoryId": "DC3114",
            "categoryName": "Master and Guest Bedrooms",
            "categoryURL": null,
            "childCategoryVO": [
              {
                "addedQuantity": 0,
                "alwaysShowOnRlp": false,
                "babyImageURL": null,
                "babyOverriddenURL": false,
                "babycategoryURL": null,
                "c1PercentageComplete": 0,
                "c2CompleteCount": 0,
                "c3AutoComplete": false,
                "c3ManualComplete": false,
                "caImageURL": null,
                "caOverriddenURL": false,
                "cacategoryURL": null,
                "categoryId": "DC3115",
                "categoryName": "Bedding Collection/Set",
                "categoryURL": null,
                "childCategoryVO": null,
                "configureComplete": true,
                "deleted": false,
                "disabled": false,
                "displayName": "Bedding Collection/Set",
                "imageURL": null,
                "isMustHave": 0,
                "labelMessage": null,
                "mustHaveVO": null,
                "niceToHaveC2VO": null,
                "niceToHaveVO": null,
                "numberOfC3": 0,
                "primaryParentCategoryId": null,
                "sequenceNumber": 0,
                "showCheckList": false,
                "showOnRlp": false,
                "suggestedQuantity": 1,
                "totalAddedQuantityForPercentageCalc": 0,
                "totalSuggestedQuantityForPercentageCalc": 0,
                "usOverriddenURL": false,
                "uscategoryURL":
                  "/checklist/wedding/bedding/master-and-guest-bedrooms/bedding-collection-set/dc3115/dc31"
              },
              {
                "addedQuantity": 0,
                "alwaysShowOnRlp": false,
                "babyImageURL": null,
                "babyOverriddenURL": false,
                "babycategoryURL": null,
                "c1PercentageComplete": 0,
                "c2CompleteCount": 0,
                "c3AutoComplete": false,
                "c3ManualComplete": false,
                "caImageURL": null,
                "caOverriddenURL": false,
                "cacategoryURL": null,
                "categoryId": "DC3116",
                "categoryName": "Sheet Set",
                "categoryURL": null,
                "childCategoryVO": null,
                "configureComplete": true,
                "deleted": false,
                "disabled": false,
                "displayName": "Sheet Set",
                "imageURL": null,
                "isMustHave": 0,
                "labelMessage": null,
                "mustHaveVO": null,
                "niceToHaveC2VO": null,
                "niceToHaveVO": null,
                "numberOfC3": 0,
                "primaryParentCategoryId": null,
                "sequenceNumber": 0,
                "showCheckList": false,
                "showOnRlp": false,
                "suggestedQuantity": 1,
                "totalAddedQuantityForPercentageCalc": 0,
                "totalSuggestedQuantityForPercentageCalc": 0,
                "usOverriddenURL": false,
                "uscategoryURL":
                  "/checklist/wedding/bedding/master-and-guest-bedrooms/sheet-set/dc3116/dc31"
              },
              {
                "addedQuantity": 0,
                "alwaysShowOnRlp": false,
                "babyImageURL": null,
                "babyOverriddenURL": false,
                "babycategoryURL": null,
                "c1PercentageComplete": 0,
                "c2CompleteCount": 0,
                "c3AutoComplete": false,
                "c3ManualComplete": false,
                "caImageURL": null,
                "caOverriddenURL": false,
                "cacategoryURL": null,
                "categoryId": "DC3117",
                "categoryName": "Flat Sheets",
                "categoryURL": null,
                "childCategoryVO": null,
                "configureComplete": true,
                "deleted": false,
                "disabled": false,
                "displayName": "Flat Sheets",
                "imageURL": null,
                "isMustHave": 0,
                "labelMessage": null,
                "mustHaveVO": null,
                "niceToHaveC2VO": null,
                "niceToHaveVO": null,
                "numberOfC3": 0,
                "primaryParentCategoryId": null,
                "sequenceNumber": 0,
                "showCheckList": false,
                "showOnRlp": false,
                "suggestedQuantity": 6,
                "totalAddedQuantityForPercentageCalc": 0,
                "totalSuggestedQuantityForPercentageCalc": 0,
                "usOverriddenURL": false,
                "uscategoryURL":
                  "/checklist/wedding/bedding/master-and-guest-bedrooms/flat-sheets/dc3117/dc31"
              },
              {
                "addedQuantity": 0,
                "alwaysShowOnRlp": false,
                "babyImageURL": null,
                "babyOverriddenURL": false,
                "babycategoryURL": null,
                "c1PercentageComplete": 0,
                "c2CompleteCount": 0,
                "c3AutoComplete": false,
                "c3ManualComplete": false,
                "caImageURL": null,
                "caOverriddenURL": false,
                "cacategoryURL": null,
                "categoryId": "DC3118",
                "categoryName": "Fitted Sheets",
                "categoryURL": null,
                "childCategoryVO": null,
                "configureComplete": true,
                "deleted": false,
                "disabled": false,
                "displayName": "Fitted Sheets",
                "imageURL": null,
                "isMustHave": 0,
                "labelMessage": null,
                "mustHaveVO": null,
                "niceToHaveC2VO": null,
                "niceToHaveVO": null,
                "numberOfC3": 0,
                "primaryParentCategoryId": null,
                "sequenceNumber": 0,
                "showCheckList": false,
                "showOnRlp": false,
                "suggestedQuantity": 6,
                "totalAddedQuantityForPercentageCalc": 0,
                "totalSuggestedQuantityForPercentageCalc": 0,
                "usOverriddenURL": false,
                "uscategoryURL":
                  "/checklist/wedding/bedding/master-and-guest-bedrooms/fitted-sheets/dc3118/dc31"
              },
              {
                "addedQuantity": 0,
                "alwaysShowOnRlp": false,
                "babyImageURL": null,
                "babyOverriddenURL": false,
                "babycategoryURL": null,
                "c1PercentageComplete": 0,
                "c2CompleteCount": 0,
                "c3AutoComplete": false,
                "c3ManualComplete": false,
                "caImageURL": null,
                "caOverriddenURL": false,
                "cacategoryURL": null,
                "categoryId": "DC3119",
                "categoryName": "Pillowcases",
                "categoryURL": null,
                "childCategoryVO": null,
                "configureComplete": true,
                "deleted": false,
                "disabled": false,
                "displayName": "Pillowcases",
                "imageURL": null,
                "isMustHave": 0,
                "labelMessage": null,
                "mustHaveVO": null,
                "niceToHaveC2VO": null,
                "niceToHaveVO": null,
                "numberOfC3": 0,
                "primaryParentCategoryId": null,
                "sequenceNumber": 0,
                "showCheckList": false,
                "showOnRlp": false,
                "suggestedQuantity": 6,
                "totalAddedQuantityForPercentageCalc": 0,
                "totalSuggestedQuantityForPercentageCalc": 0,
                "usOverriddenURL": false,
                "uscategoryURL":
                  "/checklist/wedding/bedding/master-and-guest-bedrooms/pillowcases/dc3119/dc31"
              },
              {
                "addedQuantity": 0,
                "alwaysShowOnRlp": false,
                "babyImageURL": null,
                "babyOverriddenURL": false,
                "babycategoryURL": null,
                "c1PercentageComplete": 0,
                "c2CompleteCount": 0,
                "c3AutoComplete": false,
                "c3ManualComplete": false,
                "caImageURL": null,
                "caOverriddenURL": false,
                "cacategoryURL": null,
                "categoryId": "DC3120",
                "categoryName": "Pillow Shams",
                "categoryURL": null,
                "childCategoryVO": null,
                "configureComplete": true,
                "deleted": false,
                "disabled": false,
                "displayName": "Pillow Shams",
                "imageURL": null,
                "isMustHave": 0,
                "labelMessage": null,
                "mustHaveVO": null,
                "niceToHaveC2VO": null,
                "niceToHaveVO": null,
                "numberOfC3": 0,
                "primaryParentCategoryId": null,
                "sequenceNumber": 0,
                "showCheckList": false,
                "showOnRlp": false,
                "suggestedQuantity": 4,
                "totalAddedQuantityForPercentageCalc": 0,
                "totalSuggestedQuantityForPercentageCalc": 0,
                "usOverriddenURL": false,
                "uscategoryURL":
                  "/checklist/wedding/bedding/master-and-guest-bedrooms/pillow-shams/dc3120/dc31"
              },
              {
                "addedQuantity": 0,
                "alwaysShowOnRlp": false,
                "babyImageURL": null,
                "babyOverriddenURL": false,
                "babycategoryURL": null,
                "c1PercentageComplete": 0,
                "c2CompleteCount": 0,
                "c3AutoComplete": false,
                "c3ManualComplete": false,
                "caImageURL": null,
                "caOverriddenURL": false,
                "cacategoryURL": null,
                "categoryId": "DC3121",
                "categoryName": "Comforter",
                "categoryURL": null,
                "childCategoryVO": null,
                "configureComplete": true,
                "deleted": false,
                "disabled": false,
                "displayName": "Comforter",
                "imageURL": null,
                "isMustHave": 0,
                "labelMessage": null,
                "mustHaveVO": null,
                "niceToHaveC2VO": null,
                "niceToHaveVO": null,
                "numberOfC3": 0,
                "primaryParentCategoryId": null,
                "sequenceNumber": 0,
                "showCheckList": false,
                "showOnRlp": false,
                "suggestedQuantity": 2,
                "totalAddedQuantityForPercentageCalc": 0,
                "totalSuggestedQuantityForPercentageCalc": 0,
                "usOverriddenURL": false,
                "uscategoryURL":
                  "/checklist/wedding/bedding/master-and-guest-bedrooms/comforter/dc3121/dc31"
              },
              {
                "addedQuantity": 0,
                "alwaysShowOnRlp": false,
                "babyImageURL": null,
                "babyOverriddenURL": false,
                "babycategoryURL": null,
                "c1PercentageComplete": 0,
                "c2CompleteCount": 0,
                "c3AutoComplete": false,
                "c3ManualComplete": false,
                "caImageURL": null,
                "caOverriddenURL": false,
                "cacategoryURL": null,
                "categoryId": "DC3122",
                "categoryName": "Duvet Cover",
                "categoryURL": null,
                "childCategoryVO": null,
                "configureComplete": true,
                "deleted": false,
                "disabled": false,
                "displayName": "Duvet Cover",
                "imageURL": null,
                "isMustHave": 0,
                "labelMessage": null,
                "mustHaveVO": null,
                "niceToHaveC2VO": null,
                "niceToHaveVO": null,
                "numberOfC3": 0,
                "primaryParentCategoryId": null,
                "sequenceNumber": 0,
                "showCheckList": false,
                "showOnRlp": false,
                "suggestedQuantity": 2,
                "totalAddedQuantityForPercentageCalc": 0,
                "totalSuggestedQuantityForPercentageCalc": 0,
                "usOverriddenURL": false,
                "uscategoryURL":
                  "/checklist/wedding/bedding/master-and-guest-bedrooms/duvet-cover/dc3122/dc31"
              },
              {
                "addedQuantity": 0,
                "alwaysShowOnRlp": false,
                "babyImageURL": null,
                "babyOverriddenURL": false,
                "babycategoryURL": null,
                "c1PercentageComplete": 0,
                "c2CompleteCount": 0,
                "c3AutoComplete": false,
                "c3ManualComplete": false,
                "caImageURL": null,
                "caOverriddenURL": false,
                "cacategoryURL": null,
                "categoryId": "DC3123",
                "categoryName": "Pillows",
                "categoryURL": null,
                "childCategoryVO": null,
                "configureComplete": true,
                "deleted": false,
                "disabled": false,
                "displayName": "Pillows",
                "imageURL": null,
                "isMustHave": 0,
                "labelMessage": null,
                "mustHaveVO": null,
                "niceToHaveC2VO": null,
                "niceToHaveVO": null,
                "numberOfC3": 0,
                "primaryParentCategoryId": null,
                "sequenceNumber": 0,
                "showCheckList": false,
                "showOnRlp": false,
                "suggestedQuantity": 4,
                "totalAddedQuantityForPercentageCalc": 0,
                "totalSuggestedQuantityForPercentageCalc": 0,
                "usOverriddenURL": false,
                "uscategoryURL":
                  "/checklist/wedding/bedding/master-and-guest-bedrooms/pillows/dc3123/dc31"
              },
              {
                "addedQuantity": 0,
                "alwaysShowOnRlp": false,
                "babyImageURL": null,
                "babyOverriddenURL": false,
                "babycategoryURL": null,
                "c1PercentageComplete": 0,
                "c2CompleteCount": 0,
                "c3AutoComplete": false,
                "c3ManualComplete": false,
                "caImageURL": null,
                "caOverriddenURL": false,
                "cacategoryURL": null,
                "categoryId": "DC3124",
                "categoryName": "Mattress Pads",
                "categoryURL": null,
                "childCategoryVO": null,
                "configureComplete": true,
                "deleted": false,
                "disabled": false,
                "displayName": "Mattress Pads",
                "imageURL": null,
                "isMustHave": 0,
                "labelMessage": null,
                "mustHaveVO": null,
                "niceToHaveC2VO": null,
                "niceToHaveVO": null,
                "numberOfC3": 0,
                "primaryParentCategoryId": null,
                "sequenceNumber": 0,
                "showCheckList": false,
                "showOnRlp": false,
                "suggestedQuantity": 2,
                "totalAddedQuantityForPercentageCalc": 0,
                "totalSuggestedQuantityForPercentageCalc": 0,
                "usOverriddenURL": false,
                "uscategoryURL":
                  "/checklist/wedding/bedding/master-and-guest-bedrooms/mattress-pads/dc3124/dc31"
              },
              {
                "addedQuantity": 0,
                "alwaysShowOnRlp": false,
                "babyImageURL": null,
                "babyOverriddenURL": false,
                "babycategoryURL": null,
                "c1PercentageComplete": 0,
                "c2CompleteCount": 0,
                "c3AutoComplete": false,
                "c3ManualComplete": false,
                "caImageURL": null,
                "caOverriddenURL": false,
                "cacategoryURL": null,
                "categoryId": "DC3125",
                "categoryName": "Blankets (Summer and Winter)",
                "categoryURL": null,
                "childCategoryVO": null,
                "configureComplete": true,
                "deleted": false,
                "disabled": false,
                "displayName": "Blankets (Summer and Winter)",
                "imageURL": null,
                "isMustHave": 0,
                "labelMessage": null,
                "mustHaveVO": null,
                "niceToHaveC2VO": null,
                "niceToHaveVO": null,
                "numberOfC3": 0,
                "primaryParentCategoryId": null,
                "sequenceNumber": 0,
                "showCheckList": false,
                "showOnRlp": false,
                "suggestedQuantity": 2,
                "totalAddedQuantityForPercentageCalc": 0,
                "totalSuggestedQuantityForPercentageCalc": 0,
                "usOverriddenURL": false,
                "uscategoryURL":
                  "/checklist/wedding/bedding/master-and-guest-bedrooms/blankets-summer-and-winter/dc3125/dc31"
              }
            ],
            "configureComplete": true,
            "deleted": false,
            "disabled": false,
            "displayName": "Master and Guest Bedrooms",
            "imageURL": null,
            "isMustHave": 0,
            "labelMessage": null,
            "mustHaveVO": null,
            "niceToHaveC2VO": null,
            "niceToHaveVO": null,
            "numberOfC3": 0,
            "primaryParentCategoryId": null,
            "sequenceNumber": 0,
            "showCheckList": false,
            "showOnRlp": false,
            "suggestedQuantity": 1,
            "totalAddedQuantityForPercentageCalc": 0,
            "totalSuggestedQuantityForPercentageCalc": 0,
            "usOverriddenURL": false,
            "uscategoryURL":
              "/checklist/wedding/bedding/master-and-guest-bedrooms/dc3114/dc31"
          }
        ],
        "configureComplete": true,
        "deleted": false,
        "disabled": false,
        "displayName": "Bedding",
        "imageURL":
          "http://s7d9.scene7.com/is/image/BedBathandBeyond/wedding%5Fbed101016?$PNG$=png-alpha",
        "isMustHave": 0,
        "labelMessage": null,
        "mustHaveVO": null,
        "niceToHaveC2VO": null,
        "niceToHaveVO": null,
        "numberOfC3": 0,
        "primaryParentCategoryId": null,
        "sequenceNumber": 0,
        "showCheckList": false,
        "showOnRlp": false,
        "suggestedQuantity": 1,
        "totalAddedQuantityForPercentageCalc": 0,
        "totalSuggestedQuantityForPercentageCalc": 0,
        "usOverriddenURL": false,
        "uscategoryURL": "/checklist/wedding/bedding/dc3113/dc31"
      },
      {
        "addedQuantity": 0,
        "alwaysShowOnRlp": false,
        "babyImageURL": null,
        "babyOverriddenURL": false,
        "babycategoryURL": null,
        "c1PercentageComplete": 0,
        "c2CompleteCount": 0,
        "c3AutoComplete": false,
        "c3ManualComplete": false,
        "caImageURL": null,
        "caOverriddenURL": false,
        "cacategoryURL": null,
        "categoryId": "DC3126",
        "categoryName": "Bath",
        "categoryURL": null,
        "childCategoryVO": [
          {
            "addedQuantity": 0,
            "alwaysShowOnRlp": false,
            "babyImageURL": null,
            "babyOverriddenURL": false,
            "babycategoryURL": null,
            "c1PercentageComplete": 0,
            "c2CompleteCount": 0,
            "c3AutoComplete": false,
            "c3ManualComplete": false,
            "caImageURL": null,
            "caOverriddenURL": false,
            "cacategoryURL": null,
            "categoryId": "DC3127",
            "categoryName": "Master and Guest Bathrooms",
            "categoryURL": null,
            "childCategoryVO": [
              {
                "addedQuantity": 0,
                "alwaysShowOnRlp": false,
                "babyImageURL": null,
                "babyOverriddenURL": false,
                "babycategoryURL": null,
                "c1PercentageComplete": 0,
                "c2CompleteCount": 0,
                "c3AutoComplete": false,
                "c3ManualComplete": false,
                "caImageURL": null,
                "caOverriddenURL": false,
                "cacategoryURL": null,
                "categoryId": "DC3128",
                "categoryName": "Bath Sheet",
                "categoryURL": null,
                "childCategoryVO": null,
                "configureComplete": true,
                "deleted": false,
                "disabled": false,
                "displayName": "Bath Sheet",
                "imageURL": null,
                "isMustHave": 0,
                "labelMessage": null,
                "mustHaveVO": null,
                "niceToHaveC2VO": null,
                "niceToHaveVO": null,
                "numberOfC3": 0,
                "primaryParentCategoryId": null,
                "sequenceNumber": 0,
                "showCheckList": false,
                "showOnRlp": false,
                "suggestedQuantity": 4,
                "totalAddedQuantityForPercentageCalc": 0,
                "totalSuggestedQuantityForPercentageCalc": 0,
                "usOverriddenURL": false,
                "uscategoryURL":
                  "/checklist/wedding/bath/master-and-guest-bathrooms/bath-sheet/dc3128/dc31"
              }
            ],
            "configureComplete": true,
            "deleted": false,
            "disabled": false,
            "displayName": "Master and Guest Bathrooms",
            "imageURL": null,
            "isMustHave": 0,
            "labelMessage": null,
            "mustHaveVO": null,
            "niceToHaveC2VO": null,
            "niceToHaveVO": null,
            "numberOfC3": 0,
            "primaryParentCategoryId": null,
            "sequenceNumber": 0,
            "showCheckList": false,
            "showOnRlp": false,
            "suggestedQuantity": 1,
            "totalAddedQuantityForPercentageCalc": 0,
            "totalSuggestedQuantityForPercentageCalc": 0,
            "usOverriddenURL": false,
            "uscategoryURL":
              "/checklist/wedding/bath/master-and-guest-bathrooms/dc3127/dc31"
          },
          {
            "addedQuantity": 0,
            "alwaysShowOnRlp": false,
            "babyImageURL": null,
            "babyOverriddenURL": false,
            "babycategoryURL": null,
            "c1PercentageComplete": 0,
            "c2CompleteCount": 0,
            "c3AutoComplete": false,
            "c3ManualComplete": false,
            "caImageURL": null,
            "caOverriddenURL": false,
            "cacategoryURL": null,
            "categoryId": "DC3137",
            "categoryName": "Personal Care",
            "categoryURL": null,
            "childCategoryVO": [
              {
                "addedQuantity": 0,
                "alwaysShowOnRlp": false,
                "babyImageURL": null,
                "babyOverriddenURL": false,
                "babycategoryURL": null,
                "c1PercentageComplete": 0,
                "c2CompleteCount": 0,
                "c3AutoComplete": false,
                "c3ManualComplete": false,
                "caImageURL": null,
                "caOverriddenURL": false,
                "cacategoryURL": null,
                "categoryId": "DC3138",
                "categoryName": "Magnifying Mirror",
                "categoryURL": null,
                "childCategoryVO": null,
                "configureComplete": true,
                "deleted": false,
                "disabled": false,
                "displayName": "Magnifying Mirror",
                "imageURL": null,
                "isMustHave": 0,
                "labelMessage": null,
                "mustHaveVO": null,
                "niceToHaveC2VO": null,
                "niceToHaveVO": null,
                "numberOfC3": 0,
                "primaryParentCategoryId": null,
                "sequenceNumber": 0,
                "showCheckList": false,
                "showOnRlp": false,
                "suggestedQuantity": 1,
                "totalAddedQuantityForPercentageCalc": 0,
                "totalSuggestedQuantityForPercentageCalc": 0,
                "usOverriddenURL": false,
                "uscategoryURL":
                  "/checklist/wedding/bath/personal-care/magnifying-mirror/dc3138/dc31"
              },
              {
                "addedQuantity": 0,
                "alwaysShowOnRlp": false,
                "babyImageURL": null,
                "babyOverriddenURL": false,
                "babycategoryURL": null,
                "c1PercentageComplete": 0,
                "c2CompleteCount": 0,
                "c3AutoComplete": false,
                "c3ManualComplete": false,
                "caImageURL": null,
                "caOverriddenURL": false,
                "cacategoryURL": null,
                "categoryId": "DC3139",
                "categoryName": "Electric Toothbrush",
                "categoryURL": null,
                "childCategoryVO": null,
                "configureComplete": true,
                "deleted": false,
                "disabled": false,
                "displayName": "Electric Toothbrush",
                "imageURL": null,
                "isMustHave": 0,
                "labelMessage": null,
                "mustHaveVO": null,
                "niceToHaveC2VO": null,
                "niceToHaveVO": null,
                "numberOfC3": 0,
                "primaryParentCategoryId": null,
                "sequenceNumber": 0,
                "showCheckList": false,
                "showOnRlp": false,
                "suggestedQuantity": 1,
                "totalAddedQuantityForPercentageCalc": 0,
                "totalSuggestedQuantityForPercentageCalc": 0,
                "usOverriddenURL": false,
                "uscategoryURL":
                  "/checklist/wedding/bath/personal-care/electric-toothbrush/dc3139/dc31"
              },
              {
                "addedQuantity": 0,
                "alwaysShowOnRlp": false,
                "babyImageURL": null,
                "babyOverriddenURL": false,
                "babycategoryURL": null,
                "c1PercentageComplete": 0,
                "c2CompleteCount": 0,
                "c3AutoComplete": false,
                "c3ManualComplete": false,
                "caImageURL": null,
                "caOverriddenURL": false,
                "cacategoryURL": null,
                "categoryId": "DC3140",
                "categoryName": "Bathrobe",
                "categoryURL": null,
                "childCategoryVO": null,
                "configureComplete": true,
                "deleted": false,
                "disabled": false,
                "displayName": "Bathrobe",
                "imageURL": null,
                "isMustHave": 0,
                "labelMessage": null,
                "mustHaveVO": null,
                "niceToHaveC2VO": null,
                "niceToHaveVO": null,
                "numberOfC3": 0,
                "primaryParentCategoryId": null,
                "sequenceNumber": 0,
                "showCheckList": false,
                "showOnRlp": false,
                "suggestedQuantity": 2,
                "totalAddedQuantityForPercentageCalc": 0,
                "totalSuggestedQuantityForPercentageCalc": 0,
                "usOverriddenURL": false,
                "uscategoryURL":
                  "/checklist/wedding/bath/personal-care/bathrobe/dc3140/dc31"
              },
              {
                "addedQuantity": 0,
                "alwaysShowOnRlp": false,
                "babyImageURL": null,
                "babyOverriddenURL": false,
                "babycategoryURL": null,
                "c1PercentageComplete": 0,
                "c2CompleteCount": 0,
                "c3AutoComplete": false,
                "c3ManualComplete": false,
                "caImageURL": null,
                "caOverriddenURL": false,
                "cacategoryURL": null,
                "categoryId": "DC3141",
                "categoryName": "Slippers",
                "categoryURL": null,
                "childCategoryVO": null,
                "configureComplete": true,
                "deleted": false,
                "disabled": false,
                "displayName": "Slippers",
                "imageURL": null,
                "isMustHave": 0,
                "labelMessage": null,
                "mustHaveVO": null,
                "niceToHaveC2VO": null,
                "niceToHaveVO": null,
                "numberOfC3": 0,
                "primaryParentCategoryId": null,
                "sequenceNumber": 0,
                "showCheckList": false,
                "showOnRlp": false,
                "suggestedQuantity": 2,
                "totalAddedQuantityForPercentageCalc": 0,
                "totalSuggestedQuantityForPercentageCalc": 0,
                "usOverriddenURL": false,
                "uscategoryURL":
                  "/checklist/wedding/bath/personal-care/slippers/dc3141/dc31"
              },
              {
                "addedQuantity": 0,
                "alwaysShowOnRlp": false,
                "babyImageURL": null,
                "babyOverriddenURL": false,
                "babycategoryURL": null,
                "c1PercentageComplete": 0,
                "c2CompleteCount": 0,
                "c3AutoComplete": false,
                "c3ManualComplete": false,
                "caImageURL": null,
                "caOverriddenURL": false,
                "cacategoryURL": null,
                "categoryId": "DC3142",
                "categoryName": "Electric Razor",
                "categoryURL": null,
                "childCategoryVO": null,
                "configureComplete": true,
                "deleted": false,
                "disabled": false,
                "displayName": "Electric Razor",
                "imageURL": null,
                "isMustHave": 0,
                "labelMessage": null,
                "mustHaveVO": null,
                "niceToHaveC2VO": null,
                "niceToHaveVO": null,
                "numberOfC3": 0,
                "primaryParentCategoryId": null,
                "sequenceNumber": 0,
                "showCheckList": false,
                "showOnRlp": false,
                "suggestedQuantity": 1,
                "totalAddedQuantityForPercentageCalc": 0,
                "totalSuggestedQuantityForPercentageCalc": 0,
                "usOverriddenURL": false,
                "uscategoryURL":
                  "/checklist/wedding/bath/personal-care/electric-razor/dc3142/dc31"
              },
              {
                "addedQuantity": 0,
                "alwaysShowOnRlp": false,
                "babyImageURL": null,
                "babyOverriddenURL": false,
                "babycategoryURL": null,
                "c1PercentageComplete": 0,
                "c2CompleteCount": 0,
                "c3AutoComplete": false,
                "c3ManualComplete": false,
                "caImageURL": null,
                "caOverriddenURL": false,
                "cacategoryURL": null,
                "categoryId": "DC3143",
                "categoryName": "Bath Scale",
                "categoryURL": null,
                "childCategoryVO": null,
                "configureComplete": true,
                "deleted": false,
                "disabled": false,
                "displayName": "Bath Scale",
                "imageURL": null,
                "isMustHave": 0,
                "labelMessage": null,
                "mustHaveVO": null,
                "niceToHaveC2VO": null,
                "niceToHaveVO": null,
                "numberOfC3": 0,
                "primaryParentCategoryId": null,
                "sequenceNumber": 0,
                "showCheckList": false,
                "showOnRlp": false,
                "suggestedQuantity": 1,
                "totalAddedQuantityForPercentageCalc": 0,
                "totalSuggestedQuantityForPercentageCalc": 0,
                "usOverriddenURL": false,
                "uscategoryURL":
                  "/checklist/wedding/bath/personal-care/bath-scale/dc3143/dc31"
              },
              {
                "addedQuantity": 0,
                "alwaysShowOnRlp": false,
                "babyImageURL": null,
                "babyOverriddenURL": false,
                "babycategoryURL": null,
                "c1PercentageComplete": 0,
                "c2CompleteCount": 0,
                "c3AutoComplete": false,
                "c3ManualComplete": false,
                "caImageURL": null,
                "caOverriddenURL": false,
                "cacategoryURL": null,
                "categoryId": "DC3144",
                "categoryName": "Pedicure Spa",
                "categoryURL": null,
                "childCategoryVO": null,
                "configureComplete": true,
                "deleted": false,
                "disabled": false,
                "displayName": "Pedicure Spa",
                "imageURL": null,
                "isMustHave": 0,
                "labelMessage": null,
                "mustHaveVO": null,
                "niceToHaveC2VO": null,
                "niceToHaveVO": null,
                "numberOfC3": 0,
                "primaryParentCategoryId": null,
                "sequenceNumber": 0,
                "showCheckList": false,
                "showOnRlp": false,
                "suggestedQuantity": 1,
                "totalAddedQuantityForPercentageCalc": 0,
                "totalSuggestedQuantityForPercentageCalc": 0,
                "usOverriddenURL": false,
                "uscategoryURL":
                  "/checklist/wedding/bath/personal-care/pedicure-spa/dc3144/dc31"
              },
              {
                "addedQuantity": 0,
                "alwaysShowOnRlp": false,
                "babyImageURL": null,
                "babyOverriddenURL": false,
                "babycategoryURL": null,
                "c1PercentageComplete": 0,
                "c2CompleteCount": 0,
                "c3AutoComplete": false,
                "c3ManualComplete": false,
                "caImageURL": null,
                "caOverriddenURL": false,
                "cacategoryURL": null,
                "categoryId": "DC3145",
                "categoryName": "Hair Dryer",
                "categoryURL": null,
                "childCategoryVO": null,
                "configureComplete": true,
                "deleted": false,
                "disabled": false,
                "displayName": "Hair Dryer",
                "imageURL": null,
                "isMustHave": 0,
                "labelMessage": null,
                "mustHaveVO": null,
                "niceToHaveC2VO": null,
                "niceToHaveVO": null,
                "numberOfC3": 0,
                "primaryParentCategoryId": null,
                "sequenceNumber": 0,
                "showCheckList": false,
                "showOnRlp": false,
                "suggestedQuantity": 1,
                "totalAddedQuantityForPercentageCalc": 0,
                "totalSuggestedQuantityForPercentageCalc": 0,
                "usOverriddenURL": false,
                "uscategoryURL":
                  "/checklist/wedding/bath/personal-care/hair-dryer/dc3145/dc31"
              },
              {
                "addedQuantity": 0,
                "alwaysShowOnRlp": false,
                "babyImageURL": null,
                "babyOverriddenURL": false,
                "babycategoryURL": null,
                "c1PercentageComplete": 0,
                "c2CompleteCount": 0,
                "c3AutoComplete": false,
                "c3ManualComplete": false,
                "caImageURL": null,
                "caOverriddenURL": false,
                "cacategoryURL": null,
                "categoryId": "DC3146",
                "categoryName": "Massaging Cushion",
                "categoryURL": null,
                "childCategoryVO": null,
                "configureComplete": true,
                "deleted": false,
                "disabled": false,
                "displayName": "Massaging Cushion",
                "imageURL": null,
                "isMustHave": 0,
                "labelMessage": null,
                "mustHaveVO": null,
                "niceToHaveC2VO": null,
                "niceToHaveVO": null,
                "numberOfC3": 0,
                "primaryParentCategoryId": null,
                "sequenceNumber": 0,
                "showCheckList": false,
                "showOnRlp": false,
                "suggestedQuantity": 1,
                "totalAddedQuantityForPercentageCalc": 0,
                "totalSuggestedQuantityForPercentageCalc": 0,
                "usOverriddenURL": false,
                "uscategoryURL":
                  "/checklist/wedding/bath/personal-care/massaging-cushion/dc3146/dc31"
              }
            ],
            "configureComplete": true,
            "deleted": false,
            "disabled": false,
            "displayName": "Personal Care",
            "imageURL": null,
            "isMustHave": 0,
            "labelMessage": null,
            "mustHaveVO": null,
            "niceToHaveC2VO": null,
            "niceToHaveVO": null,
            "numberOfC3": 0,
            "primaryParentCategoryId": null,
            "sequenceNumber": 0,
            "showCheckList": false,
            "showOnRlp": false,
            "suggestedQuantity": 1,
            "totalAddedQuantityForPercentageCalc": 0,
            "totalSuggestedQuantityForPercentageCalc": 0,
            "usOverriddenURL": false,
            "uscategoryURL": "/checklist/wedding/bath/personal-care/dc3137/dc31"
          }
        ],
        "configureComplete": true,
        "deleted": false,
        "disabled": false,
        "displayName": "Bath",
        "imageURL":
          "http://s7d9.scene7.com/is/image/BedBathandBeyond/wedding%5Fbath101016?$PNG$=png-alpha",
        "isMustHave": 0,
        "labelMessage": null,
        "mustHaveVO": null,
        "niceToHaveC2VO": null,
        "niceToHaveVO": null,
        "numberOfC3": 0,
        "primaryParentCategoryId": null,
        "sequenceNumber": 0,
        "showCheckList": false,
        "showOnRlp": false,
        "suggestedQuantity": 1,
        "totalAddedQuantityForPercentageCalc": 0,
        "totalSuggestedQuantityForPercentageCalc": 0,
        "usOverriddenURL": false,
        "uscategoryURL": "/checklist/wedding/bath/dc3126/dc31"
      }
    ],
    "checkListDisabled": false,
    "checklistId": "DC31",
    "checklistTypeName": "BRD",
    "displayName": "Wedding",
    "registryId": null,
    "siteFlag": "13"
  },

  "traceId": "57862ce18db84b48",
  "spanId": "57862ce18db84b48"
}
